{"app":["/app-64227f2c842ffcffe431.js"],"component---src-pages-404-js":["/component---src-pages-404-js-9717b3ae9a605e59d772.js"],"component---src-pages-es-js":["/component---src-pages-es-js-0251fdaf2c852783690b.js"],"component---src-pages-es-aboutus-js":["/component---src-pages-es-aboutus-js-33f4cb1186e793c84f0d.js"],"component---src-pages-es-contacts-js":["/component---src-pages-es-contacts-js-f33f633d8623f717b16d.js"],"component---src-pages-es-services-js":["/component---src-pages-es-services-js-41333cbb2f551d839923.js"],"component---src-pages-fr-js":["/component---src-pages-fr-js-ca1110f68821912f880a.js"],"component---src-pages-fr-aboutus-js":["/component---src-pages-fr-aboutus-js-e52fdef6947d34c19468.js"],"component---src-pages-fr-contacts-js":["/component---src-pages-fr-contacts-js-e7b9bab50c74f7ebec8d.js"],"component---src-pages-fr-services-js":["/component---src-pages-fr-services-js-9c7273e53b0e4f66453a.js"],"component---src-pages-gb-js":["/component---src-pages-gb-js-a32e4dd2cb11f22594ff.js"],"component---src-pages-gb-aboutus-js":["/component---src-pages-gb-aboutus-js-a1c2d4708b064d8fa102.js"],"component---src-pages-gb-contacts-js":["/component---src-pages-gb-contacts-js-bac1863e3ffba9cf16fd.js"],"component---src-pages-gb-services-js":["/component---src-pages-gb-services-js-3045a167137760f0bc7c.js"],"component---src-pages-index-js":["/component---src-pages-index-js-4f49c179380b803d5157.js"],"component---src-pages-pt-js":["/component---src-pages-pt-js-f3e2b3c89015b7100164.js"],"component---src-pages-pt-aboutus-js":["/component---src-pages-pt-aboutus-js-e687dc7b394f58fff4dc.js"],"component---src-pages-pt-contacts-js":["/component---src-pages-pt-contacts-js-a46236067e6be4a470d0.js"],"component---src-pages-pt-services-js":["/component---src-pages-pt-services-js-381c8fc9639630ccd8d3.js"],"component---src-pages-services-js":["/component---src-pages-services-js-26d4fce37d0dfd9bfc32.js"]}