{"errors":[],"warnings":[],"namedChunkGroups":{"app":{"chunks":[22,0,2],"assets":["webpack-runtime-12393fcbd8690a8a9c77.js","webpack-runtime-12393fcbd8690a8a9c77.js.map","commons-cc21be86cfc2ffb1a936.js","commons-cc21be86cfc2ffb1a936.js.map","app-64227f2c842ffcffe431.js","app-64227f2c842ffcffe431.js.map"],"children":{},"childAssets":{}},"component---src-pages-404-js":{"chunks":[0,3],"assets":["commons-cc21be86cfc2ffb1a936.js","commons-cc21be86cfc2ffb1a936.js.map","component---src-pages-404-js-9717b3ae9a605e59d772.js","component---src-pages-404-js-9717b3ae9a605e59d772.js.map"],"children":{},"childAssets":{}},"component---src-pages-es-js":{"chunks":[1,0,6],"assets":["styles.cdb4ed170ac69c9d2661.css","styles-84a414c4aa0e8ca1c449.js","styles-84a414c4aa0e8ca1c449.js.map","commons-cc21be86cfc2ffb1a936.js","commons-cc21be86cfc2ffb1a936.js.map","component---src-pages-es-js-0251fdaf2c852783690b.js","component---src-pages-es-js-0251fdaf2c852783690b.js.map"],"children":{},"childAssets":{}},"component---src-pages-es-aboutus-js":{"chunks":[1,0,4],"assets":["styles.cdb4ed170ac69c9d2661.css","styles-84a414c4aa0e8ca1c449.js","styles-84a414c4aa0e8ca1c449.js.map","commons-cc21be86cfc2ffb1a936.js","commons-cc21be86cfc2ffb1a936.js.map","component---src-pages-es-aboutus-js-33f4cb1186e793c84f0d.js","component---src-pages-es-aboutus-js-33f4cb1186e793c84f0d.js.map"],"children":{},"childAssets":{}},"component---src-pages-es-contacts-js":{"chunks":[1,0,5],"assets":["styles.cdb4ed170ac69c9d2661.css","styles-84a414c4aa0e8ca1c449.js","styles-84a414c4aa0e8ca1c449.js.map","commons-cc21be86cfc2ffb1a936.js","commons-cc21be86cfc2ffb1a936.js.map","component---src-pages-es-contacts-js-f33f633d8623f717b16d.js","component---src-pages-es-contacts-js-f33f633d8623f717b16d.js.map"],"children":{},"childAssets":{}},"component---src-pages-es-services-js":{"chunks":[1,0,7],"assets":["styles.cdb4ed170ac69c9d2661.css","styles-84a414c4aa0e8ca1c449.js","styles-84a414c4aa0e8ca1c449.js.map","commons-cc21be86cfc2ffb1a936.js","commons-cc21be86cfc2ffb1a936.js.map","component---src-pages-es-services-js-41333cbb2f551d839923.js","component---src-pages-es-services-js-41333cbb2f551d839923.js.map"],"children":{},"childAssets":{}},"component---src-pages-fr-js":{"chunks":[1,0,10],"assets":["styles.cdb4ed170ac69c9d2661.css","styles-84a414c4aa0e8ca1c449.js","styles-84a414c4aa0e8ca1c449.js.map","commons-cc21be86cfc2ffb1a936.js","commons-cc21be86cfc2ffb1a936.js.map","component---src-pages-fr-js-ca1110f68821912f880a.js","component---src-pages-fr-js-ca1110f68821912f880a.js.map"],"children":{},"childAssets":{}},"component---src-pages-fr-aboutus-js":{"chunks":[1,0,8],"assets":["styles.cdb4ed170ac69c9d2661.css","styles-84a414c4aa0e8ca1c449.js","styles-84a414c4aa0e8ca1c449.js.map","commons-cc21be86cfc2ffb1a936.js","commons-cc21be86cfc2ffb1a936.js.map","component---src-pages-fr-aboutus-js-e52fdef6947d34c19468.js","component---src-pages-fr-aboutus-js-e52fdef6947d34c19468.js.map"],"children":{},"childAssets":{}},"component---src-pages-fr-contacts-js":{"chunks":[1,0,9],"assets":["styles.cdb4ed170ac69c9d2661.css","styles-84a414c4aa0e8ca1c449.js","styles-84a414c4aa0e8ca1c449.js.map","commons-cc21be86cfc2ffb1a936.js","commons-cc21be86cfc2ffb1a936.js.map","component---src-pages-fr-contacts-js-e7b9bab50c74f7ebec8d.js","component---src-pages-fr-contacts-js-e7b9bab50c74f7ebec8d.js.map"],"children":{},"childAssets":{}},"component---src-pages-fr-services-js":{"chunks":[1,0,11],"assets":["styles.cdb4ed170ac69c9d2661.css","styles-84a414c4aa0e8ca1c449.js","styles-84a414c4aa0e8ca1c449.js.map","commons-cc21be86cfc2ffb1a936.js","commons-cc21be86cfc2ffb1a936.js.map","component---src-pages-fr-services-js-9c7273e53b0e4f66453a.js","component---src-pages-fr-services-js-9c7273e53b0e4f66453a.js.map"],"children":{},"childAssets":{}},"component---src-pages-gb-js":{"chunks":[1,0,14],"assets":["styles.cdb4ed170ac69c9d2661.css","styles-84a414c4aa0e8ca1c449.js","styles-84a414c4aa0e8ca1c449.js.map","commons-cc21be86cfc2ffb1a936.js","commons-cc21be86cfc2ffb1a936.js.map","component---src-pages-gb-js-a32e4dd2cb11f22594ff.js","component---src-pages-gb-js-a32e4dd2cb11f22594ff.js.map"],"children":{},"childAssets":{}},"component---src-pages-gb-aboutus-js":{"chunks":[1,0,12],"assets":["styles.cdb4ed170ac69c9d2661.css","styles-84a414c4aa0e8ca1c449.js","styles-84a414c4aa0e8ca1c449.js.map","commons-cc21be86cfc2ffb1a936.js","commons-cc21be86cfc2ffb1a936.js.map","component---src-pages-gb-aboutus-js-a1c2d4708b064d8fa102.js","component---src-pages-gb-aboutus-js-a1c2d4708b064d8fa102.js.map"],"children":{},"childAssets":{}},"component---src-pages-gb-contacts-js":{"chunks":[1,0,13],"assets":["styles.cdb4ed170ac69c9d2661.css","styles-84a414c4aa0e8ca1c449.js","styles-84a414c4aa0e8ca1c449.js.map","commons-cc21be86cfc2ffb1a936.js","commons-cc21be86cfc2ffb1a936.js.map","component---src-pages-gb-contacts-js-bac1863e3ffba9cf16fd.js","component---src-pages-gb-contacts-js-bac1863e3ffba9cf16fd.js.map"],"children":{},"childAssets":{}},"component---src-pages-gb-services-js":{"chunks":[1,0,15],"assets":["styles.cdb4ed170ac69c9d2661.css","styles-84a414c4aa0e8ca1c449.js","styles-84a414c4aa0e8ca1c449.js.map","commons-cc21be86cfc2ffb1a936.js","commons-cc21be86cfc2ffb1a936.js.map","component---src-pages-gb-services-js-3045a167137760f0bc7c.js","component---src-pages-gb-services-js-3045a167137760f0bc7c.js.map"],"children":{},"childAssets":{}},"component---src-pages-index-js":{"chunks":[1,0,16],"assets":["styles.cdb4ed170ac69c9d2661.css","styles-84a414c4aa0e8ca1c449.js","styles-84a414c4aa0e8ca1c449.js.map","commons-cc21be86cfc2ffb1a936.js","commons-cc21be86cfc2ffb1a936.js.map","component---src-pages-index-js-4f49c179380b803d5157.js","component---src-pages-index-js-4f49c179380b803d5157.js.map"],"children":{},"childAssets":{}},"component---src-pages-pt-js":{"chunks":[1,0,19],"assets":["styles.cdb4ed170ac69c9d2661.css","styles-84a414c4aa0e8ca1c449.js","styles-84a414c4aa0e8ca1c449.js.map","commons-cc21be86cfc2ffb1a936.js","commons-cc21be86cfc2ffb1a936.js.map","component---src-pages-pt-js-f3e2b3c89015b7100164.js","component---src-pages-pt-js-f3e2b3c89015b7100164.js.map"],"children":{},"childAssets":{}},"component---src-pages-pt-aboutus-js":{"chunks":[1,0,17],"assets":["styles.cdb4ed170ac69c9d2661.css","styles-84a414c4aa0e8ca1c449.js","styles-84a414c4aa0e8ca1c449.js.map","commons-cc21be86cfc2ffb1a936.js","commons-cc21be86cfc2ffb1a936.js.map","component---src-pages-pt-aboutus-js-e687dc7b394f58fff4dc.js","component---src-pages-pt-aboutus-js-e687dc7b394f58fff4dc.js.map"],"children":{},"childAssets":{}},"component---src-pages-pt-contacts-js":{"chunks":[1,0,18],"assets":["styles.cdb4ed170ac69c9d2661.css","styles-84a414c4aa0e8ca1c449.js","styles-84a414c4aa0e8ca1c449.js.map","commons-cc21be86cfc2ffb1a936.js","commons-cc21be86cfc2ffb1a936.js.map","component---src-pages-pt-contacts-js-a46236067e6be4a470d0.js","component---src-pages-pt-contacts-js-a46236067e6be4a470d0.js.map"],"children":{},"childAssets":{}},"component---src-pages-pt-services-js":{"chunks":[1,0,20],"assets":["styles.cdb4ed170ac69c9d2661.css","styles-84a414c4aa0e8ca1c449.js","styles-84a414c4aa0e8ca1c449.js.map","commons-cc21be86cfc2ffb1a936.js","commons-cc21be86cfc2ffb1a936.js.map","component---src-pages-pt-services-js-381c8fc9639630ccd8d3.js","component---src-pages-pt-services-js-381c8fc9639630ccd8d3.js.map"],"children":{},"childAssets":{}},"component---src-pages-services-js":{"chunks":[1,0,21],"assets":["styles.cdb4ed170ac69c9d2661.css","styles-84a414c4aa0e8ca1c449.js","styles-84a414c4aa0e8ca1c449.js.map","commons-cc21be86cfc2ffb1a936.js","commons-cc21be86cfc2ffb1a936.js.map","component---src-pages-services-js-26d4fce37d0dfd9bfc32.js","component---src-pages-services-js-26d4fce37d0dfd9bfc32.js.map"],"children":{},"childAssets":{}}},"assetsByChunkName":{"app":["webpack-runtime-12393fcbd8690a8a9c77.js","commons-cc21be86cfc2ffb1a936.js","app-64227f2c842ffcffe431.js"],"component---src-pages-404-js":["commons-cc21be86cfc2ffb1a936.js","component---src-pages-404-js-9717b3ae9a605e59d772.js"],"component---src-pages-es-js":["styles.cdb4ed170ac69c9d2661.css","styles-84a414c4aa0e8ca1c449.js","commons-cc21be86cfc2ffb1a936.js","component---src-pages-es-js-0251fdaf2c852783690b.js"],"component---src-pages-es-aboutus-js":["styles.cdb4ed170ac69c9d2661.css","styles-84a414c4aa0e8ca1c449.js","commons-cc21be86cfc2ffb1a936.js","component---src-pages-es-aboutus-js-33f4cb1186e793c84f0d.js"],"component---src-pages-es-contacts-js":["styles.cdb4ed170ac69c9d2661.css","styles-84a414c4aa0e8ca1c449.js","commons-cc21be86cfc2ffb1a936.js","component---src-pages-es-contacts-js-f33f633d8623f717b16d.js"],"component---src-pages-es-services-js":["styles.cdb4ed170ac69c9d2661.css","styles-84a414c4aa0e8ca1c449.js","commons-cc21be86cfc2ffb1a936.js","component---src-pages-es-services-js-41333cbb2f551d839923.js"],"component---src-pages-fr-js":["styles.cdb4ed170ac69c9d2661.css","styles-84a414c4aa0e8ca1c449.js","commons-cc21be86cfc2ffb1a936.js","component---src-pages-fr-js-ca1110f68821912f880a.js"],"component---src-pages-fr-aboutus-js":["styles.cdb4ed170ac69c9d2661.css","styles-84a414c4aa0e8ca1c449.js","commons-cc21be86cfc2ffb1a936.js","component---src-pages-fr-aboutus-js-e52fdef6947d34c19468.js"],"component---src-pages-fr-contacts-js":["styles.cdb4ed170ac69c9d2661.css","styles-84a414c4aa0e8ca1c449.js","commons-cc21be86cfc2ffb1a936.js","component---src-pages-fr-contacts-js-e7b9bab50c74f7ebec8d.js"],"component---src-pages-fr-services-js":["styles.cdb4ed170ac69c9d2661.css","styles-84a414c4aa0e8ca1c449.js","commons-cc21be86cfc2ffb1a936.js","component---src-pages-fr-services-js-9c7273e53b0e4f66453a.js"],"component---src-pages-gb-js":["styles.cdb4ed170ac69c9d2661.css","styles-84a414c4aa0e8ca1c449.js","commons-cc21be86cfc2ffb1a936.js","component---src-pages-gb-js-a32e4dd2cb11f22594ff.js"],"component---src-pages-gb-aboutus-js":["styles.cdb4ed170ac69c9d2661.css","styles-84a414c4aa0e8ca1c449.js","commons-cc21be86cfc2ffb1a936.js","component---src-pages-gb-aboutus-js-a1c2d4708b064d8fa102.js"],"component---src-pages-gb-contacts-js":["styles.cdb4ed170ac69c9d2661.css","styles-84a414c4aa0e8ca1c449.js","commons-cc21be86cfc2ffb1a936.js","component---src-pages-gb-contacts-js-bac1863e3ffba9cf16fd.js"],"component---src-pages-gb-services-js":["styles.cdb4ed170ac69c9d2661.css","styles-84a414c4aa0e8ca1c449.js","commons-cc21be86cfc2ffb1a936.js","component---src-pages-gb-services-js-3045a167137760f0bc7c.js"],"component---src-pages-index-js":["styles.cdb4ed170ac69c9d2661.css","styles-84a414c4aa0e8ca1c449.js","commons-cc21be86cfc2ffb1a936.js","component---src-pages-index-js-4f49c179380b803d5157.js"],"component---src-pages-pt-js":["styles.cdb4ed170ac69c9d2661.css","styles-84a414c4aa0e8ca1c449.js","commons-cc21be86cfc2ffb1a936.js","component---src-pages-pt-js-f3e2b3c89015b7100164.js"],"component---src-pages-pt-aboutus-js":["styles.cdb4ed170ac69c9d2661.css","styles-84a414c4aa0e8ca1c449.js","commons-cc21be86cfc2ffb1a936.js","component---src-pages-pt-aboutus-js-e687dc7b394f58fff4dc.js"],"component---src-pages-pt-contacts-js":["styles.cdb4ed170ac69c9d2661.css","styles-84a414c4aa0e8ca1c449.js","commons-cc21be86cfc2ffb1a936.js","component---src-pages-pt-contacts-js-a46236067e6be4a470d0.js"],"component---src-pages-pt-services-js":["styles.cdb4ed170ac69c9d2661.css","styles-84a414c4aa0e8ca1c449.js","commons-cc21be86cfc2ffb1a936.js","component---src-pages-pt-services-js-381c8fc9639630ccd8d3.js"],"component---src-pages-services-js":["styles.cdb4ed170ac69c9d2661.css","styles-84a414c4aa0e8ca1c449.js","commons-cc21be86cfc2ffb1a936.js","component---src-pages-services-js-26d4fce37d0dfd9bfc32.js"]}}